{
  "pose": [
    -2.9374678134918213,
    -0.05183856189250946,
    0.9623317718505859,
    -0.2296944558620453,
    -0.005009201820939779,
    0.10300680249929428,
    0.19549694657325745,
    0.026216264814138412,
    0.02732236497104168,
    0.21211566030979156,
    0.02167642116546631,
    0.018130125477910042,
    0.1941903829574585,
    0.024361981078982353,
    -0.0021951645612716675,
    0.03794696554541588,
    0.09727408736944199,
    -0.003554644761607051,
    0.0500529482960701,
    -0.05289942026138306,
    0.009218857623636723,
    0.0934126079082489,
    0.0913986936211586,
    -0.1475190669298172,
    -0.01479956042021513,
    -0.08135727047920227,
    0.06677376478910446,
    0.022995758801698685,
    0.0042754244059324265,
    0.021066969260573387,
    -0.08683522790670395,
    -0.023346737027168274,
    0.16696520149707794,
    -0.020438270643353462,
    0.009349226951599121,
    -0.12935735285282135,
    0.02568810060620308,
    -0.0670924261212349,
    -0.016470907256007195,
    0.032892677932977676,
    -0.16333262622356415,
    -0.27024227380752563,
    -0.0013155733468011022,
    0.18622355163097382,
    0.18575315177440643,
    0.24591398239135742,
    -0.019124839454889297,
    0.056376077234745026,
    0.054896220564842224,
    -0.29352134466171265,
    -0.9910694360733032,
    -0.09697335213422775,
    0.4387873411178589,
    0.9143469929695129,
    -0.20469968020915985,
    -0.32291707396507263,
    0.04725293815135956,
    -0.27810221910476685,
    0.4861578047275543,
    -0.11392842233181,
    -0.06560366600751877,
    -0.05089113488793373,
    0.16194559633731842,
    -0.05775653198361397,
    0.07748407125473022,
    -0.21676959097385406,
    -0.1729866862297058,
    -0.07903812825679779,
    -0.20025789737701416,
    -0.145316481590271,
    0.0771821066737175,
    0.2076386958360672
  ],
  "betas": [
    0.04832945019006729,
    0.058315910398960114,
    0.45136845111846924,
    0.6368832588195801,
    -0.17233499884605408,
    0.04949529096484184,
    -0.17941421270370483,
    0.15199556946754456,
    0.36975887417793274,
    0.15224303305149078
  ]
}